{
    "loss": 1.198947787284851,
    "accuracy": 0.8561643958091736
}