{
    "loss": 5.988997936248779,
    "accuracy": 0.5833333134651184
}